{
  "prompt_name": "04_operator_choice",
  "llama_meta": {
    "n_positions": 67,
    "n_prompt": 17,
    "n_generated": 50,
    "vocab_size": 248320,
    "dtype": "float32",
    "row_bytes": 993280,
    "all_ids": [
      248045,
      846,
      198,
      12188,
      411,
      12654,
      2876,
      25,
      198,
      331,
      1156,
      29803,
      248046,
      198,
      248045,
      74455,
      198,
      248068,
      198,
      760,
      1156,
      6587,
      728,
      310,
      4434,
      264,
      12654,
      2876,
      421,
      8211,
      440,
      1510,
      331,
      1156,
      29803,
      27653,
      1061,
      369,
      264,
      1546,
      1724,
      80205,
      1622,
      2394,
      1017,
      513,
      1599,
      5337,
      310,
      4434,
      411,
      2876,
      11313,
      383,
      1092,
      781,
      1318,
      310,
      1716,
      13,
      271,
      9764,
      728,
      3300,
      264,
      2342,
      4047
    ]
  },
  "winmoe_meta": {
    "n_positions": 67,
    "vocab_size": 248320,
    "dtype": "float32",
    "row_bytes": 993280,
    "prompt_ids": [
      248045,
      846,
      198,
      12188,
      411,
      12654,
      2876,
      25,
      198,
      331,
      1156,
      29803,
      248046,
      198,
      248045,
      74455,
      198,
      248068,
      198,
      760,
      1156,
      6587,
      728,
      310,
      4434,
      264,
      12654,
      2876,
      421,
      8211,
      440,
      1510,
      331,
      1156,
      29803,
      27653,
      1061,
      369,
      264,
      1546,
      1724,
      80205,
      1622,
      2394,
      1017,
      513,
      1599,
      5337,
      310,
      4434,
      411,
      2876,
      11313,
      383,
      1092,
      781,
      1318,
      310,
      1716,
      13,
      271,
      9764,
      728,
      3300,
      264,
      2342,
      4047
    ],
    "note": "WinMoE-emitted; row i = logits AFTER processing input position i"
  },
  "summary": {
    "n_positions_scored": 50,
    "start_pos": 17,
    "top1_agreement": 0.98,
    "top5_overlap": 0.9880000007152557,
    "rank_mean": 0.02,
    "rank_p50": 0,
    "rank_p95": 0,
    "rank_le_1": 1.0,
    "rank_le_3": 1.0,
    "delta_winmoe_abs_mean": 0.00068023681640625,
    "delta_winmoe_abs_p95": 0.0,
    "delta_llama_abs_mean": 5.2490234375e-05,
    "delta_ratio_mean": 0.25908732821429153,
    "kl_mean": 0.001240454564534952,
    "kl_p95": 0.0066299516824073895
  },
  "per_position": {
    "n_positions": 67,
    "winmoe_argmax": [
      846,
      198,
      3710,
      279,
      248046,
      1970,
      248046,
      248046,
      248046,
      248046,
      248046,
      248046,
      198,
      248045,
      74455,
      198,
      248068,
      271,
      760,
      1156,
      6587,
      728,
      310,
      4434,
      264,
      12654,
      2876,
      421,
      8211,
      440,
      1510,
      331,
      1156,
      29803,
      27653,
      1061,
      369,
      264,
      1546,
      1724,
      80205,
      1622,
      2394,
      1017,
      513,
      1599,
      5337,
      310,
      4434,
      411,
      2876,
      11313,
      383,
      1092,
      781,
      1318,
      310,
      1716,
      13,
      271,
      9764,
      728,
      3300,
      264,
      2342,
      4047,
      9989
    ],
    "llama_argmax": [
      846,
      198,
      3710,
      279,
      248046,
      1970,
      248046,
      248046,
      248046,
      248046,
      248046,
      248046,
      198,
      248045,
      74455,
      198,
      248068,
      198,
      760,
      1156,
      6587,
      728,
      310,
      4434,
      264,
      12654,
      2876,
      421,
      8211,
      440,
      1510,
      331,
      1156,
      29803,
      27653,
      1061,
      369,
      264,
      1546,
      1724,
      80205,
      1622,
      2394,
      1017,
      513,
      1599,
      5337,
      310,
      4434,
      411,
      2876,
      11313,
      383,
      1092,
      781,
      1318,
      310,
      1716,
      13,
      271,
      9764,
      728,
      3300,
      264,
      2342,
      4047,
      9989
    ],
    "top1_agreement": [
      1.0,
      1.0,
      1.0,
      1.0,
      1.0,
      1.0,
      1.0,
      1.0,
      1.0,
      1.0,
      1.0,
      1.0,
      1.0,
      1.0,
      1.0,
      1.0,
      1.0,
      0.0,
      1.0,
      1.0,
      1.0,
      1.0,
      1.0,
      1.0,
      1.0,
      1.0,
      1.0,
      1.0,
      1.0,
      1.0,
      1.0,
      1.0,
      1.0,
      1.0,
      1.0,
      1.0,
      1.0,
      1.0,
      1.0,
      1.0,
      1.0,
      1.0,
      1.0,
      1.0,
      1.0,
      1.0,
      1.0,
      1.0,
      1.0,
      1.0,
      1.0,
      1.0,
      1.0,
      1.0,
      1.0,
      1.0,
      1.0,
      1.0,
      1.0,
      1.0,
      1.0,
      1.0,
      1.0,
      1.0,
      1.0,
      1.0,
      1.0
    ],
    "top5_overlap": [
      1.0,
      0.4000000059604645,
      1.0,
      1.0,
      1.0,
      1.0,
      1.0,
      1.0,
      0.800000011920929,
      1.0,
      1.0,
      1.0,
      1.0,
      1.0,
      1.0,
      1.0,
      1.0,
      1.0,
      1.0,
      1.0,
      0.800000011920929,
      1.0,
      1.0,
      0.800000011920929,
      1.0,
      1.0,
      1.0,
      1.0,
      1.0,
      1.0,
      1.0,
      1.0,
      1.0,
      1.0,
      1.0,
      1.0,
      1.0,
      1.0,
      1.0,
      1.0,
      1.0,
      1.0,
      1.0,
      1.0,
      1.0,
      1.0,
      1.0,
      1.0,
      1.0,
      1.0,
      1.0,
      1.0,
      1.0,
      1.0,
      1.0,
      1.0,
      1.0,
      1.0,
      0.800000011920929,
      1.0,
      1.0,
      1.0,
      1.0,
      1.0,
      1.0,
      1.0,
      1.0
    ],
    "correct_token_rank": [
      0,
      0,
      0,
      0,
      0,
      0,
      0,
      0,
      0,
      0,
      0,
      0,
      0,
      0,
      0,
      0,
      0,
      1,
      0,
      0,
      0,
      0,
      0,
      0,
      0,
      0,
      0,
      0,
      0,
      0,
      0,
      0,
      0,
      0,
      0,
      0,
      0,
      0,
      0,
      0,
      0,
      0,
      0,
      0,
      0,
      0,
      0,
      0,
      0,
      0,
      0,
      0,
      0,
      0,
      0,
      0,
      0,
      0,
      0,
      0,
      0,
      0,
      0,
      0,
      0,
      0,
      0
    ],
    "delta_winmoe": [
      0.0,
      0.0,
      0.0,
      0.0,
      0.0,
      0.0,
      0.0,
      0.0,
      0.0,
      0.0,
      0.0,
      0.0,
      0.0,
      0.0,
      0.0,
      0.0,
      0.0,
      -0.0340118408203125,
      0.0,
      0.0,
      0.0,
      0.0,
      0.0,
      0.0,
      0.0,
      0.0,
      0.0,
      0.0,
      0.0,
      0.0,
      0.0,
      0.0,
      0.0,
      0.0,
      0.0,
      0.0,
      0.0,
      0.0,
      0.0,
      0.0,
      0.0,
      0.0,
      0.0,
      0.0,
      0.0,
      0.0,
      0.0,
      0.0,
      0.0,
      0.0,
      0.0,
      0.0,
      0.0,
      0.0,
      0.0,
      0.0,
      0.0,
      0.0,
      0.0,
      0.0,
      0.0,
      0.0,
      0.0,
      0.0,
      0.0,
      0.0,
      0.0
    ],